kelime;yasakli1;yasakli2;yasakli3;yasakli4;yasakli5;zorluk
ALFABE;HARF;SIRA;A B C;ÖĞRENMEK;DİL;1
MÜZE;ESER;SERGİ;TARİH;ZİYARET;VİTRİN;2
PUSULA;YÖN;KUZEY;İĞNE;BULMAK;GEZGİN;2
EKVATOR;ORTA;DÜNYA;ÇİZGİ;SICAK;ENLEM;2
MİMAR SİNAN;OSMANLI;CAMİ;SÜLEYMANİYE;USTA;YAPI;2
NOBEL;ÖDÜL;İSVEÇ;BİLİM;BARIŞ;YILLIK;3
ANSİKLOPEDİ;BİLGİ;CİLT;ARAMAK;MADDE;KİTAP;3
MATBAA;GUTENBERG;BASKI;KİTAP;HARF;ÇOĞALTMAK;3
OLİMPOS;YUNAN;TANRI;DAĞ;ZEUS;EFSANE;4
HİYEROGLİF;MISIR;RESİM YAZI;TAŞ;ESKİ;ÇÖZMEK;4
YEDİ HARİKA;LİSTE;ANTİK;YAPI;ÜNLÜ;DÜNYA;4
ASMA BAHÇELER;BABİL;YEDİ HARİKA;EFSANE;YEŞİL;ANTİK;5
RODOS HEYKELİ;DEV;LİMAN;ANTİK;YIKILMAK;YUNAN;5
İSKENDERİYE FENERİ;MISIR;IŞIK;GEMİ;ANTİK;YÜKSEK;5
ARTEMİS TAPINAĞI;EFES;SÜTUN;ANTİK;YIKINTI;YEDİ HARİKA;5
ZEUS HEYKELİ;OLİMPİYAT;ANTİK;YUNAN;TANRI;DEV;5
ZEUS;YUNAN;TANRI;ŞİMŞEK;OLİMPOS;BAŞ;4
POSEİDON;DENİZ;MIZRAK;YUNAN;TANRI;DALGA;4
HADES;YER ALTI;YUNAN;TANRI;KARANLIK;KARDEŞ;5
ATHENA;BİLGELİK;YUNAN;TANRIÇA;BAYKUŞ;MİĞFER;4
APOLLON;GÜNEŞ;MÜZİK;YUNAN;TANRI;LİR;5
HERAKLES;GÜÇ;ON İKİ GÖREV;YUNAN;KAHRAMAN;ASLAN POSTU;4
AKHİLLEUS;TOPUK;TROYA;SAVAŞÇI;YUNAN;ZAYIF NOKTA;4
PANDORA;KUTU;AÇMAK;MERAK;KÖTÜLÜK;UMUT;4
MİNOTOR;LABİRENT;BOĞA;GİRİT;EFSANE;YARI İNSAN;5
İKARUS;KANAT;GÜNEŞ;BALMUMU;DÜŞMEK;EFSANE;4
MEDUSA;YILAN;SAÇ;TAŞ;BAKIŞ;EFSANE;4
KENTAUR;YARI AT;YARI İNSAN;EFSANE;ORMAN;YAY;5
ANKA KUŞU;KÜL;YENİDEN DOĞMAK;EFSANE;ATEŞ;ÖLÜMSÜZ;4
TEK BOYNUZ;AT;ALIN;EFSANE;BEYAZ;MASAL;4
VAMPİR;DİŞ;GECE;SARIMSAK;EFSANE;KAN;3
HAYALET;BEYAZ;GÖRÜNMEZ;KORKU;EV;EFSANE;3
ATLANTİS;BATIK;EFSANE;ŞEHİR;OKYANUS;KAYIP;4
BERMUDA;ÜÇGEN;KAYBOLMAK;GEMİ;GİZEM;OKYANUS;4
STONEHENGE;TAŞ;DAİRE;İNGİLTERE;GİZEM;ANTİK;4
PASKALYA ADASI;HEYKEL;BAŞ;OKYANUS;GİZEM;UZAK;5
NAZCA ÇİZGİLERİ;ÇÖL;YUKARIDAN;ŞEKİL;GİZEM;PERU;5
MACHU PİÇU;İNKA;DAĞ;TAŞ;PERU;KALINTI;5
ANGKOR VAT;TAPINAK;KAMBOÇYA;TAŞ;ORMAN;BÜYÜK;5
PETRA;KAYA;OYULMUŞ;ÜRDÜN;PEMBE;ANTİK;5
MARCO POLO;GEZGİN;ÇİN;İPEK YOLU;VENEDİK;ANLATI;4
VASCO DA GAMA;DENİZCİ;HİNDİSTAN;YOL;PORTEKİZ;KEŞİF;5
JAMES COOK;DENİZCİ;OKYANUS;HARİTA;KEŞİF;İNGİLİZ;5
NEIL ARMSTRONG;AY;İLK ADIM;ASTRONOT;AMERİKA;İZ;4
YURİ GAGARİN;UZAY;İLK;RUS;YÖRÜNGE;ASTRONOT;4
LAİKA;KÖPEK;UZAY;İLK;RUS;YOLCULUK;5
WRIGHT KARDEŞLER;UÇAK;İLK UÇUŞ;İCAT;AMERİKA;KANAT;4
GRAHAM BELL;TELEFON;İCAT;SES;İLK;KONUŞMA;4
LEONARDO DA VİNCİ;MONA LİSA;RESSAM;MUCİT;İTALYAN;DEFTER;3
MİCHELANGELO;HEYKEL;TAVAN;DAVUT;İTALYAN;SANATÇI;4
VAN GOGH;KULAK;YILDIZLI GECE;RESSAM;HOLLANDA;SARI;3
PİCASSO;KÜBİZM;RESSAM;İSPANYA;GARİP;YÜZ;3
SALVADOR DALİ;BIYIK;ERİYEN SAAT;RESSAM;GERÇEKÜSTÜ;İSPANYA;4
MONET;IŞIK;NİLÜFER;RESSAM;FRANSA;İZLENİM;5
FRİDA KAHLO;KAŞ;MEKSİKA;RESSAM;KADIN;KENDİ PORTRE;4
OSMAN HAMDİ BEY;KAPLUMBAĞA;RESSAM;MÜZE;TABLO;TERBİYECİ;4
SANAT ESERİ;DEĞERLİ;MÜZE;KORUMAK;YARATMAK;SERGİ;3
MÜZAYEDE;AÇIK ARTIRMA;TOKMAK;SATIŞ;FİYAT;TABLO;4
SERGİ;ESER;DUVAR;ZİYARET;AÇILIŞ;SALON;3
FELSEFE;DÜŞÜNMEK;SORU;VARLIK;ANLAM;DÜŞÜNÜR;3
MANTIK;AKIL;ÇIKARIM;DOĞRU;KURAL;DÜŞÜNMEK;4
ETİK;AHLAK;DOĞRU;YANLIŞ;DEĞER;SORGULAMAK;4
DEMOKRİTOS;ATOM;YUNAN;DÜŞÜNÜR;BÖLÜNMEZ;İLK;5
DESCARTES;DÜŞÜNÜYORUM;FRANSA;FELSEFE;ŞÜPHE;AKIL;5
KANT;ALMAN;FELSEFE;AHLAK;AKIL;DÜŞÜNÜR;5
NİETZSCHE;ALMAN;FELSEFE;BIYIK;DÜŞÜNÜR;ELEŞTİRİ;5
FARABİ;İSLAM;FELSEFE;MÜZİK;İKİNCİ HOCA;DÜŞÜNÜR;5
İBNİ HALDUN;TARİH;TOPLUM;MUKADDİME;DÜŞÜNÜR;İSLAM;5
BİRUNİ;ÂLİM;ASTRONOMİ;ÖLÇÜM;İSLAM;DÜNYA;5
HAREZMİ;ALGORİTMA;MATEMATİK;İSLAM;CEBİR;ÂLİM;5
CEBİR;MATEMATİK;BİLİNMEYEN;DENKLEM;HARF;İŞLEM;4
GEOMETRİ;ŞEKİL;AÇI;ÜÇGEN;ÖLÇÜ;MATEMATİK;3
PİSAGOR;ÜÇGEN;TEOREM;YUNAN;MATEMATİK;DİK;4
EUKLİD;GEOMETRİ;YUNAN;ELEMANLAR;NOKTA;MATEMATİK;5
Pİ SAYISI;DAİRE;ÜÇ VİRGÜL;SONSUZ;MATEMATİK;ÇEVRE;4
SIFIR;YOK;RAKAM;İCAT;HİNT;BOŞ;3
RAKAM;SAYI;YAZMAK;ON TANE;HESAP;SEMBOL;3
ROMEN RAKAMI;HARF;SAAT;ESKİ;YAZMAK;SIRA;4
KESİR;BÖLÜM;PAY;PAYDA;MATEMATİK;YARIM;4
YÜZDE;ORAN;İŞARET;HESAP;İNDİRİM;YÜZ;3
ÇARPIM TABLOSU;EZBER;OKUL;SAYI;HESAP;ÖĞRENMEK;3
ABAKÜS;BONCUK;SAYMAK;ÇUBUK;ESKİ;HESAP;5
MİLADİ TAKVİM;GÜNEŞ;OCAK;ARALIK;YIL;GÜN;4
ARTIK YIL;ŞUBAT;YİRMİ DOKUZ;DÖRT YIL;GÜN;TAKVİM;4
HAFTANIN GÜNLERİ;PAZARTESİ;YEDİ;SIRA;İSİM;TAKVİM;2
AY İSİMLERİ;OCAK;ŞUBAT;ON İKİ;YIL;SIRA;3
METRİK SİSTEM;ÖLÇÜ;UZUNLUK;GRAM;ONLUK;STANDART;5
ALFABE SIRASI;HARF;DİZMEK;SÖZLÜK;BULMAK;DÜZEN;3
LATİN ALFABESİ;HARF;BATI;YAZI;KULLANMAK;TÜRKÇE;4
KİRİL ALFABESİ;RUS;HARF;FARKLI;YAZI;DOĞU;5
ARAP ALFABESİ;SAĞDAN;HARF;YAZI;OSMANLI;NOKTA;4
ÇİN ALFABESİ;KARAKTER;ÇOK;ÖĞRENMEK;YAZI;ZOR;4
DÜNYA DİLLERİ;ÇEŞİT;KONUŞMAK;ÖĞRENMEK;SAYI;FARKLI;4
İNGİLİZCE;DÜNYA DİLİ;ÖĞRENMEK;KURS;YAYGIN;KELİME;2
ESPERANTO;YAPAY;DİL;ORTAK;ÖĞRENMEK;DENEME;5
İŞARET DİLİ;EL;SAĞIR;ANLATMAK;ÖĞRENMEK;İLETİŞİM;3
KÖRLER ALFABESİ;NOKTA;PARMAK;OKUMAK;KABARTMA;GÖRME;4
TRAFİK İŞARETİ;LEVHA;YOL;UYARI;ÜÇGEN;RENK;3
DUR LEVHASI;KIRMIZI;SEKİZGEN;YOL;DURMAK;İŞARET;3
KALP İŞARETİ;SEVGİ;KIRMIZI;ÇİZMEK;SEMBOL;İKİ;2
BARIŞ SEMBOLÜ;GÜVERCİN;BEYAZ;ZEYTİN DALI;İŞARET;DÜNYA;4
GÜVERCİN;KUŞ;BEYAZ;MEYDAN;BARIŞ;UÇMAK;2
ZEYTİN DALI;BARIŞ;UZATMAK;YEŞİL;SEMBOL;AĞAÇ;3
AVRUPA BİRLİĞİ;ÜLKE;YILDIZ;MAVİ;ORTAK;ÜYE;4
NATO;ASKERİ;İTTİFAK;ÜLKE;ÜYE;SAVUNMA;4
UNESCO;MİRAS;LİSTE;KORUMA;KÜLTÜR;DÜNYA;4
DÜNYA MİRASI;LİSTE;KORUMA;DEĞER;ANTİK;UNESCO;4
GUİNNESS REKORU;KİTAP;GARİP;EN;DÜNYA;KAYIT;4
EN UZUN İNSAN;BOY;REKOR;KİTAP;ŞAŞIRTICI;ÖLÇÜ;4
EN DERİN NOKTA;OKYANUS;MARİANA;ÖLÇÜM;KARANLIK;DÜNYA;5
EN YÜKSEK BİNA;DUBAİ;GÖKDELEN;REKOR;KAT;YÜKSEK;4
EN KALABALIK ÜLKE;NÜFUS;ASYA;MİLYAR;SIRA;DÜNYA;4
EN KÜÇÜK ÜLKE;VATİKAN;ROMA;İÇİNDE;NÜFUS;DEVLET;5
VATİKAN;PAPA;ROMA;KÜÇÜK;KİLİSE;DEVLET;4
PAPA;KATOLİK;ROMA;BEYAZ;LİDER;DİN;4
MİMARİ;YAPI;TASARIM;SÜTUN;STİL;PROJE;3
GOTİK;SİVRİ;KİLİSE;AVRUPA;YÜKSEK;MİMARİ;5
BAROK;SÜSLÜ;AVRUPA;ABARTILI;DÖNEM;SANAT;5
FRESK;DUVAR;BOYA;ISLAK;SIVA;RESİM;5
GRAVÜR;BASKI;OYMA;ÇİZGİ;ESKİ;RESİM;5
PORSELEN;ÇİN;İNCE;BEYAZ;KIRILGAN;TABAK;3
CAM SANATI;ÜFLEMEK;ŞEKİL;SICAK;USTA;ŞEFFAF;4
İLK KİTAP;MATBAA;BASILMAK;TARİH;ÖNEMLİ;SAYFA;4
ATLAS;HARİTA;KİTAP;ÜLKE;BAKMAK;SAYFA;3
GÖZLEMEVİ;TELESKOP;KUBBE;GECE;DAĞ;ARAŞTIRMA;4
PLANETARYUM;KUBBE;YILDIZ;GÖSTERİ;OTURMAK;GÖKYÜZÜ;5
BİLİM MÜZESİ;DENEY;ÇOCUK;DOKUNMAK;ÖĞRENMEK;SERGİ;4
DİNOZOR İSKELETİ;MÜZE;KEMİK;BÜYÜK;SERGİ;FOSİL;4
ANTİK PARA;SİKKE;MÜZE;ESKİ;DEĞERLİ;BULUNTU;4
KAYIP ŞEHİR;ORMAN;BULMAK;EFSANE;KAZI;ANTİK;4
DİKİLİ TAŞ;OBELİSK;MEYDAN;YÜKSEK;MISIR;ANTİK;5
ROZETA TAŞI;ÇÖZMEK;HİYEROGLİF;ÜÇ DİL;MISIR;ANAHTAR;5
TAKVİM TAŞI;MAYA;YUVARLAK;OYMA;ANTİK;GÜN;5
İLK BİLGİSAYAR;DEV;ODA;LAMBA;HESAP;TARİH;4
İLK OTOMOBİL;BUHAR;TEKERLEK;YAVAŞ;İCAT;TARİH;4
İLK TREN;RAY;BUHAR;DUMAN;YOLCU;TARİH;4
İLK FOTOĞRAF;SİYAH BEYAZ;UZUN POZ;TARİH;PLAKA;İCAT;5
İLK FİLM;SESSİZ;KISA;TREN;PERDE;TARİH;4
İLK AŞI;ÇİÇEK;DENEY;KORUMA;TARİH;İCAT;5
PUSULANIN İCADI;ÇİN;YÖN;DENİZCİ;İCAT;MIKNATIS;5
KÂĞIT PARA;İLK;ÇİN;BASMAK;DEĞER;TİCARET;4
POSTA PULU;İLK;İNGİLTERE;MEKTUP;YAPIŞTIRMAK;DEĞER;4
KONSERVE KUTUSU;SAKLAMAK;ASKER;İCAT;METAL;AÇMAK;5
ÇENGELLİ İĞNE;TUTTURMAK;KÜÇÜK;İCAT;GÜVENLİK;KAPANMAK;4
DİNAMİT;PATLAMA;NOBEL;MADEN;İCAT;TEHLİKE;4
KUZEY YILDIZI;YÖN;GÖKYÜZÜ;SABİT;DENİZCİ;BULMAK;4
BÜYÜKAYI;TAKIMYILDIZ;KEPÇE;GÖKYÜZÜ;YEDİ;PARLAK;4
AY EVRELERİ;DOLUNAY;HİLAL;DEĞİŞİM;GÖKYÜZÜ;ÇEYREK;4
HİLAL;İNCE;AY;GÖKYÜZÜ;BAYRAK;ŞEKİL;3
GÜNDÖNÜMÜ;EN UZUN;EN KISA;GÜN;YIL;DEĞİŞİM;5
EKİNOKS;EŞİT;GECE;GÜNDÜZ;BAHAR;GÜZ;5
DÜNYA GÜNÜ;ÇEVRE;NİSAN;FARKINDALIK;DOĞA;KUTLAMA;4
ÇOCUK HAKLARI;KORUMA;EĞİTİM;OYUN;SÖZLEŞME;DÜNYA;4
İNSAN HAKLARI;EŞİTLİK;ÖZGÜRLÜK;BİLDİRGE;DÜNYA;TEMEL;4
EŞİTLİK;AYNI;HAK;FARK YOK;ADALET;DEĞER;3
ÖZGÜRLÜK;SERBEST;HAK;SEÇMEK;DEĞER;SINIRSIZ;3
OY HAKKI;SEÇİM;VATANDAŞ;SANDIK;YAŞ;DEMOKRASİ;4
VATANDAŞLIK;KİMLİK;ÜLKE;HAK;GÖREV;BAĞ;4
KADIN HAKLARI;OY;EŞİTLİK;MÜCADELE;TARİH;ÖZGÜRLÜK;4
SABİHA GÖKÇEN;PİLOT;İLK KADIN;UÇAK;ATATÜRK;TÜRK;4
AFET İNAN;TARİHÇİ;ATATÜRK;MANEVİ EVLAT;KADIN;BİLİM;5
CAHİT ARF;MATEMATİK;TÜRK;TEOREM;PARA;BİLİM;5
AZİZ SANCAR;NOBEL;KİMYA;TÜRK;DNA;BİLİM;3
FEZA GÜRSEY;FİZİK;TÜRK;BİLİM;PROFESÖR;ARAŞTIRMA;5
OKTAY SİNANOĞLU;KİMYA;TÜRK;GENÇ PROFESÖR;BİLİM;DİL;5
SELİMİYE CAMİİ;EDİRNE;SİNAN;KUBBE;DÖRT MİNARE;ESER;4
DOLMABAHÇE;SARAY;BOĞAZ;ATATÜRK;SAAT;İSTANBUL;3
GALATA KULESİ;İSTANBUL;YUVARLAK;MANZARA;TARİHÎ;ÇIKMAK;3
KIZ KULESİ;DENİZ;İSTANBUL;EFSANE;KÜÇÜK;ÜSKÜDAR;3
RUMELİ HİSARI;BOĞAZ;FETİH;SUR;İSTANBUL;YAPI;4
DİVRİĞİ ULU CAMİ;TAŞ;OYMA;SİVAS;MİRAS;KAPI;5
AKDAMAR KİLİSESİ;VAN;ADA;TAŞ;OYMA;TARİHÎ;5
ANI HARABELERİ;KARS;TAŞ;ESKİ;KENT;SINIR;5
ASPENDOS;TİYATRO;ANTİK;ANTALYA;AKUSTİK;TAŞ;4
HİERAPOLİS;PAMUKKALE;ANTİK;KENT;HAVUZ;KALINTI;5
ZEUGMA;MOZAİK;ÇİNGENE KIZI;GAZİANTEP;MÜZE;ANTİK;5
ÇİNGENE KIZI;MOZAİK;BAKIŞ;ZEUGMA;ÜNLÜ;TAŞ;4
ETNOGRAFYA;KÜLTÜR;HALK;İNCELEMEK;MÜZE;GELENEK;5
ANTROPOLOJİ;İNSAN;BİLİM;KÜLTÜR;İNCELEMEK;KÖKEN;5
SOSYOLOJİ;TOPLUM;BİLİM;İNCELEMEK;GRUP;DAVRANIŞ;4
PSİKOLOJİ;DAVRANIŞ;ZİHİN;BİLİM;İNCELEMEK;İNSAN;3
COĞRAFYA;HARİTA;YER;İKLİM;DERS;BİLİM;3
ASTRONOMİ;YILDIZ;GÖKYÜZÜ;TELESKOP;BİLİM;GEZEGEN;3
JEOLOJİ;YER;KAYA;KATMAN;BİLİM;İNCELEMEK;4
BOTANİK;BİTKİ;BİLİM;YAPRAK;İNCELEMEK;TÜR;4
ZOOLOJİ;HAYVAN;BİLİM;TÜR;İNCELEMEK;DOĞA;4
TIP;DOKTOR;HASTALIK;BİLİM;OKUMAK;TEDAVİ;3
ECZACILIK;İLAÇ;OKUL;BİLİM;HAZIRLAMAK;MESLEK;4
MÜHENDİSLİK;HESAP;TASARIM;OKUL;PROJE;BİLİM;3
MİMARLIK;ÇİZİM;YAPI;OKUL;PROJE;TASARIM;3
ÜNİVERSİTE;YÜKSEK;BÖLÜM;ÖĞRENCİ;DİPLOMA;KAMPÜS;2
KAMPÜS;ÜNİVERSİTE;GENİŞ;BİNA;ÖĞRENCİ;YEŞİL;4
YURT;ÖĞRENCİ;ODA;KALMAK;ARKADAŞ;ŞEHİR;3
BURS;ÖĞRENCİ;PARA;DESTEK;BAŞARI;BAŞVURU;3
MEZUNİYET TÖRENİ;KEP;ATMAK;CÜBBE;AİLE;SEVİNÇ;3
KEP;ATMAK;MEZUNİYET;KARE;PÜSKÜL;BAŞ;4
DOKTORA;TEZ;UNVAN;ÜNİVERSİTE;ARAŞTIRMA;YIL;4
PROFESÖR;UNVAN;ÜNİVERSİTE;DERS;ARAŞTIRMA;SAYGI;3
SINAV DÖNEMİ;ÖĞRENCİ;ÇALIŞMAK;GECE;STRES;NOT;3
ÜNİVERSİTE SINAVI;TERCİH;PUAN;SALON;GENÇ;GELECEK;3
TERCİH LİSTESİ;BÖLÜM;SIRA;PUAN;YAZMAK;KARAR;4
DEĞİŞİM PROGRAMI;YURT DIŞI;ÖĞRENCİ;DÖNEM;OKUL;GİTMEK;4
EĞİTİM SİSTEMİ;OKUL;YIL;DERS;DEĞİŞİM;ÜLKE;4
ZORUNLU EĞİTİM;YIL;OKUL;YAŞ;DEVLET;HERKES;4
OKUMA YAZMA;ÖĞRENMEK;HARF;İLK;OKUL;TEMEL;3
BİLGİ ÇAĞI;İNTERNET;HIZLI;ULAŞMAK;DÖNEM;DEĞİŞİM;4
BİLGİ KİRLİLİĞİ;YANLIŞ;ÇOK;İNTERNET;AYIKLAMAK;KAYNAK;5
ELEŞTİREL DÜŞÜNME;SORGULAMAK;KANIT;KARAR;BECERİ;AKIL;5
GENEL KÜLTÜR;BİLGİ;ÇEŞİT;OKUMAK;YARIŞMA;MERAK;3
ZEKÂ TESTİ;SORU;PUAN;ÖLÇMEK;SEVİYE;SÜRE;4
HAFIZA TEKNİĞİ;EZBERLEMEK;YÖNTEM;HATIRLAMAK;LİSTE;ÇALIŞMA;5
HIZLI OKUMA;GÖZ;SAYFA;TEKNİK;KURS;ANLAMAK;4
NOT TUTMAK;DEFTER;DERS;YAZMAK;ÖZET;HATIRLAMAK;3
SUNUM YAPMAK;SLAYT;AYAKTA;ANLATMAK;HEYECAN;DİNLEYİCİ;3
TARTIŞMA;GÖRÜŞ;KARŞI;İKNA;SAVUNMAK;KONU;3
MÜNAZARA;İKİ TAKIM;SAVUNMAK;JÜRİ;KONU;OKUL;5
İKNA ETMEK;ANLATMAK;DELİL;KABUL;GÖRÜŞ;DEĞİŞTİRMEK;4
HİTABET;KONUŞMA;KALABALIK;ETKİ;SES;SANAT;5
ÖZLÜ SÖZ;KISA;ANLAM;BİLGE;ALINTI;DERİN;4
KİTABE;TAŞ;YAZI;ESKİ;BİNA;OYMA;5
FLAMA;KÜÇÜK;BAYRAK;ÜÇGEN;TAKIM;ASMAK;5
RENK KÖRLÜĞÜ;AYIRT EDEMEMEK;KIRMIZI;YEŞİL;TEST;GÖZ;4
RENK KARIŞIMI;MAVİ;SARI;YEŞİL;PALET;ELDE ETMEK;4
ANA RENKLER;ÜÇ;KIRMIZI;MAVİ;SARI;TEMEL;3
SICAK RENK;KIRMIZI;TURUNCU;ENERJİ;PALET;HİS;4
SOĞUK RENK;MAVİ;YEŞİL;SAKİN;PALET;HİS;4
SİMETRİ;İKİ YAN;AYNI;AYNA;ŞEKİL;DENGE;4
ORAN;İKİ SAYI;KARŞILAŞTIRMA;BÖLÜM;HESAP;DEĞER;4
ALTIN ORAN;GÜZELLİK;MATEMATİK;DOĞA;TASARIM;SAYI;5
PERSPEKTİF;DERİNLİK;UZAK;ÇİZİM;KAÇIŞ NOKTASI;RESİM;4
OPTİK YANILMA;GÖZ;ALDANMAK;ŞEKİL;BEYİN;RESİM;4
AYNA GÖRÜNTÜSÜ;TERS;SAĞ SOL;YANSIMA;BAKMAK;AYNI;4
SATRANÇ TAŞLARI;ŞAH;VEZİR;AT;KALE;PİYON;4
PİYON;SATRANÇ;KÜÇÜK;İLERİ;TERFİ;ÇOK;5
VEZİR;SATRANÇ;GÜÇLÜ;HER YÖN;TAHTA;TAŞ;4
ŞANS OYUNU;ÇEKİLİŞ;NUMARA;KAZANMAK;BİLET;RİSK;4
OLASILIK;İHTİMAL;HESAP;YÜZDE;MATEMATİK;TAHMİN;4
İSTİSNA;KURAL DIŞI;ÖZEL;DURUM;NADİR;AYRIK;5
STANDART;ORTAK;KURAL;ÖLÇÜ;UYUM;BELİRLEMEK;4
SEMBOL;İŞARET;ANLAM;TEMSİL;ÇİZİM;EVRENSEL;4
AMBLEM;KURUM;İŞARET;TEMSİL;ÇİZİM;RESMİ;5
MADALYON;BOYUN;YUVARLAK;RESİM;AÇILMAK;TAKI;4
KÜLTÜR MİRASI;KORUMAK;GEÇMİŞ;DEĞER;GELECEK;AKTARMAK;4
HALK BİLİMİ;GELENEK;ARAŞTIRMA;DERLEME;KÜLTÜR;MASAL;5
SÖZLÜ KÜLTÜR;ANLATMAK;KUŞAK;YAZISIZ;GELENEK;AKTARIM;5
TARİH ŞERİDİ;OLAY;SIRA;ÇİZGİ;YIL;GÖSTERMEK;5
MİLENYUM;BİN YIL;İKİ BİN;KUTLAMA;DÖNEM;GEÇİŞ;5
ORTALAMA ÖMÜR;YIL;ÜLKE;SAĞLIK;ARTMAK;İSTATİSTİK;5
GÖÇMEN;BAŞKA ÜLKE;YERLEŞMEK;İŞ;YENİ HAYAT;UYUM;4
MÜLTECİ;SIĞINMAK;SAVAŞ;ÜLKE;KAMP;YARDIM;4
KÜRESELLEŞME;DÜNYA;YAKINLAŞMAK;TİCARET;KÜLTÜR;İLETİŞİM;5
ÇOK KÜLTÜRLÜLÜK;FARKLI;BİR ARADA;HOŞGÖRÜ;ŞEHİR;ZENGİNLİK;5
